Nota 1,Descripcion nota xxxx xxx xxxx xxx xxx xxx xxx xxx 1,01/01/2017
Nota 2,Descripcion nota xxxx xxx xxxx xxx xxx xxx xxx xxx 2,02/01/2017
Nota 3,Descripcion nota xxxx xxx xxxx xxx xxx xxx xxx xxx 3,03/01/2017
Nota 4,Descripcion nota xxxx xxx xxxx xxx xxx xxx xxx xxx 4,04/01/2017
Nota 5,Descripcion nota xxxx xxx xxxx xxx xxx xxx xxx xxx 5,05/01/2017
Nota 6,Descripcion nota xxxx xxx xxxx xxx xxx xxx xxx xxx 6,06/01/2017
Nota 7,Descripcion nota xxxx xxx xxxx xxx xxx xxx xxx xxx 7,07/01/2017
Nota 8,Descripcion nota xxxx xxx xxxx xxx xxx xxx xxx xxx 8,08/01/2017
Nota 9,Descripcion nota xxxx xxx xxxx xxx xxx xxx xxx xxx 9,09/01/2017
Nota 10,Descripcion nota xxxx xxx xxxx xxx xxx xxx xxx xxx 10,10/01/2017
